[
  {
    "index": "hill-dwarf",
    "name": "Hill Dwarf",
    "race": {
      "index": "dwarf",
      "name": "Dwarf",
      "url": "/api/races/dwarf"
    },
    "desc": "As a hill dwarf, you have keen senses, deep intuition, and remarkable resilience.",
    "ability_bonuses": [
      {
        "ability_score": {
          "index": "wis",
          "name": "WIS",
          "url": "/api/ability-scores/wis"
        },
        "bonus": 1
      }
    ],
    "starting_proficiencies": [],
    "languages": [],
    "racial_traits": [
      {
        "index": "dwarven-toughness",
        "name": "Dwarven Toughness",
        "url": "/api/traits/dwarven-toughness"
      }
    ],
    "url": "/api/subraces/hill-dwarf"
  },
  {
    "index": "high-elf",
    "name": "High Elf",
    "race": {
      "index": "elf",
      "name": "Elf",
      "url": "/api/races/elf"
    },
    "desc": "As a high elf, you have a keen mind and a mastery of at least the basics of magic. In many fantasy gaming worlds, there are two kinds of high elves. One type is haughty and reclusive, believing themselves to be superior to non-elves and even other elves. The other type is more common and more friendly, and often encountered among humans and other races.",
    "ability_bonuses": [
      {
        "ability_score": {
          "index": "int",
          "name": "INT",
          "url": "/api/ability-scores/int"
        },
        "bonus": 1
      }
    ],
    "starting_proficiencies": [
      {
        "index": "longswords",
        "name": "Longswords",
        "url": "/api/proficiencies/longswords"
      },
      {
        "index": "shortswords",
        "name": "Shortswords",
        "url": "/api/proficiencies/shortswords"
      },
      {
        "index": "shortbows",
        "name": "Shortbows",
        "url": "/api/proficiencies/shortbows"
      },
      {
        "index": "longbows",
        "name": "Longbows",
        "url": "/api/proficiencies/longbows"
      }
    ],
    "languages": [],
    "language_options": {
      "choose": 1,
      "from": [
        {
          "index": "dwarvish",
          "name": "Dwarvish",
          "url": "/api/languages/dwarvish"
        },
        {
          "index": "giant",
          "name": "Giant",
          "url": "/api/languages/giant"
        },
        {
          "index": "gnomish",
          "name": "Gnomish",
          "url": "/api/languages/gnomish"
        },
        {
          "index": "goblin",
          "name": "Goblin",
          "url": "/api/languages/goblin"
        },
        {
          "index": "halfling",
          "name": "Halfling",
          "url": "/api/languages/halfling"
        },
        {
          "index": "orc",
          "name": "Orc",
          "url": "/api/languages/orc"
        },
        {
          "index": "abyssal",
          "name": "Abyssal",
          "url": "/api/languages/abyssal"
        },
        {
          "index": "celestial",
          "name": "Celestial",
          "url": "/api/languages/celestial"
        },
        {
          "index": "draconic",
          "name": "Draconic",
          "url": "/api/languages/draconic"
        },
        {
          "index": "deep-speech",
          "name": "Deep Speech",
          "url": "/api/languages/deep-speech"
        },
        {
          "index": "infernal",
          "name": "Infernal",
          "url": "/api/languages/infernal"
        },
        {
          "index": "primordial",
          "name": "Primordial",
          "url": "/api/languages/primordial"
        },
        {
          "index": "sylvan",
          "name": "Sylvan",
          "url": "/api/languages/sylvan"
        },
        {
          "index": "undercommon",
          "name": "Undercommon",
          "url": "/api/languages/undercommon"
        }
      ],
      "type": "language"
    },
    "racial_traits": [
      {
        "index": "elf-weapon-training",
        "name": "Elf Weapon Training",
        "url": "/api/traits/elf-weapon-training"
      },
      {
        "index": "high-elf-cantrip",
        "name": "High Elf Cantrip",
        "url": "/api/traits/high-elf-cantrip"
      },
      {
        "index": "extra-language",
        "name": "Extra Language",
        "url": "/api/traits/extra-language"
      }
    ],
    "url": "/api/subraces/high-elf"
  },
  {
    "index": "lightfoot-halfling",
    "name": "Lightfoot Halfling",
    "race": {
      "index": "halfling",
      "name": "Halfling",
      "url": "/api/races/halfling"
    },
    "desc": "As a lightfoot halfling, you can easily hide from notice, even using other people as cover. You're inclined to be affable and get along well with others. Lightfoots are more prone to wanderlust than other halflings, and often dwell alongside other races or take up a nomadic life.",
    "ability_bonuses": [
      {
        "ability_score": {
          "index": "cha",
          "name": "CHA",
          "url": "/api/ability-scores/cha"
        },
        "bonus": 1
      }
    ],
    "starting_proficiencies": [],
    "languages": [],
    "racial_traits": [
      {
        "index": "naturally-stealthy",
        "name": "Naturally Stealthy",
        "url": "/api/traits/naturally-stealthy"
      }
    ],
    "url": "/api/subraces/lightfoot-halfling"
  },
  {
    "index": "rock-gnome",
    "name": "Rock Gnome",
    "race": {
      "index": "gnome",
      "name": "Gnome",
      "url": "/api/races/gnome"
    },
    "desc": "As a rock gnome, you have a natural inventiveness and hardiness beyond that of other gnomes.",
    "ability_bonuses": [
      {
        "ability_score": {
          "index": "con",
          "name": "CON",
          "url": "/api/ability-scores/con"
        },
        "bonus": 1
      }
    ],
    "starting_proficiencies": [
      {
        "index": "tinkers-tools",
        "name": "Tinker's Tools",
        "url": "/api/proficiencies/tinkers-tools"
      }
    ],
    "languages": [],
    "racial_traits": [
      {
        "index": "artificers-lore",
        "name": "Artificer's Lore",
        "url": "/api/traits/artificers-lore"
      },
      {
        "index": "tinker",
        "name": "Tinker",
        "url": "/api/traits/tinker"
      }
    ],
    "url": "/api/subraces/rock-gnome"
  }
]
